"reference.positions","ref_nucleotide","alt_nucleotide","codon","alt_codons","mutation"
21575,"C","T","CTT","TTT","L5F"
21597,"C","T","TCT","TTT","S12F"
21614,"C","T","CTT","TTT","L18F"
21618,"C","G","ACA","AGA","T19R"
21622,"C","T","ACC","ACT","T20T"
21627,"C","T","ACT","ATT","T22I"
21648,"C","T","ACT","ATT","T29I"
21658,"C","T","TTC","TTT","F32F"
21705,"T","C","TTA","TCA","L48S"
21707,"C","T","CAT","TAT","H49Y"
21721,"C","T","GAC","GAT","D53D"
21770,"G","C","GTC","CTC","V70L"
21776,"G","A","GGG","AGG","G72R"
21802,"T","C","GAT","GAC","D80D"
21981,"T","-","TTT","T-T","F140del"
21982,"T","-","TTT","TT-","F140del"
21983,"T","-","TTG","-TG","L141del"
21984,"T","-","TTG","T-G","L141del"
21985,"G","-","TTG","TT-","L141del"
21986,"G","-","GGT","-GT","G142del"
21987,"G","-","GGT","G-T","G142del"
21988,"T","-","GGT","GG-","G142del"
21989,"G","-","GTT","-TT","V143del"
21990,"T","-","GTT","G-T","V143del"
21991,"T","-","GTT","GT-","V143del"
21992,"T","-","TAT","-AT","Y144del"
21993,"A","T","TAT","TTT","Y144F"
22021,"G","T","ATG","ATT","M153I"
22029,"A","-","GAG","G-G","E156del"
22030,"G","-","GAG","GA-","E156del"
22031,"T","-","TTC","-TC","F157del"
22032,"T","-","TTC","T-C","F157del"
22033,"C","-","TTC","TT-","F157del"
22034,"A","-","AGA","-GA","R158del"
22149,"A","-","AAT","A-T","N196del"
22150,"T","-","AAT","AA-","N196del"
22162,"T","C","TAT","TAC","Y200Y"
22295,"C","T","CAT","TAT","H245Y"
22350,"C","T","GCA","GTA","A263V"
22432,"C","T","GAC","GAT","D290D"
22450,"C","T","CTC","CTT","L296L"
22498,"C","T","ATC","ATT","I312I"
22627,"G","A","AGG","AGA","R355R"
22669,"T","C","TAT","TAC","Y369Y"
22687,"C","T","TCC","TCT","S375S"
22750,"T","C","TAT","TAC","Y396Y"
22798,"A","G","CCA","CCG","P412P"
22995,"C","A","ACA","AAA","T478K"
23014,"A","C","GAA","GAC","E484D"
23066,"G","T","GGT","TGT","G502C"
23266,"C","T","GAC","GAT","D568D"
23277,"C","T","ACT","ATT","T572I"
23282,"G","T","GAT","TAT","D574Y"
23284,"T","C","GAT","GAC","D574D"
23401,"G","T","CAG","CAT","Q613H"
23403,"A","G","GAT","GGT","D614G"
23604,"C","G","CCT","CGT","P681R"
23664,"C","T","GCA","GTA","A701V"
23740,"T","C","ATT","ATC","I726I"
24055,"T","C","GCT","GCC","A831A"
24206,"A","T","ATC","TTC","I882F"
24232,"A","G","GCA","GCG","A890A"
24320,"C","A","CAA","AAA","Q920K"
24337,"C","T","AAC","AAT","N925N"
24410,"G","A","GAT","AAT","D950N"
24418,"C","A","GTC","GTA","V952V"
24542,"G","T","GAT","TAT","D994Y"
24544,"T","C","GAT","GAC","D994D"
24781,"G","A","AAG","AAA","K1073K"
24900,"A","-","CAA","C-A","Q1113del"
24997,"A","G","TTA","TTG","L1145L"
24998,"G","T","GAC","TAC","D1146Y"
25018,"A","G","TTA","TTG","L1152L"
25169,"C","T","CTT","TTT","L1203F"
25244,"G","T","GTA","TTA","V1228L"
25292,"C","A","CTC","ATC","L1244I"
25350,"C","A","CCA","CAA","P1263Q"
